{
  "entities": {
    "User": {
      "$schema": "http://json-schema.org/draft-07/schema#",
      "title": "User",
      "type": "object",
      "description": "Represents a user of the Safeguard Site application.",
      "properties": {
        "id": {
          "type": "string",
          "description": "Unique identifier for the User entity."
        },
        "email": {
          "type": "string",
          "description": "The user's email address.",
          "format": "email"
        },
        "name": {
          "type": "string",
          "description": "The user's full name."
        },
        "phoneNumber": {
          "type": "string",
          "description": "The user's phone number."
        },
        "createdAt": {
          "type": "string",
          "description": "Timestamp indicating when the user account was created.",
          "format": "date-time"
        },
        "updatedAt": {
          "type": "string",
          "description": "Timestamp indicating when the user account was last updated.",
          "format": "date-time"
        }
      },
      "required": [
        "id",
        "email",
        "name",
        "phoneNumber"
      ]
    }
  },
  "auth": {
    "providers": [
      "password",
      "anonymous"
    ]
  },
  "firestore": {
    "structure": [
      {
        "path": "/users/{userId}",
        "definition": {
          "entityName": "User",
          "schema": {
            "$ref": "#/backend/entities/User"
          },
          "description": "Stores user profiles. Access is restricted to the user themselves (path-based ownership).",
          "params": [
            {
              "name": "userId",
              "description": "The unique identifier of the user."
            }
          ]
        }
      }
    ],
    "reasoning": "This Firestore structure prioritizes security and scalability for the Safeguard Site application. It leverages path-based ownership for user data and avoids hierarchical authorization dependencies by design.\n\n*   `/users/{userId}`: This collection stores user profiles. Access is restricted to the user themselves, ensuring data privacy. This structure naturally supports QAPs because listing the entire collection is disallowed by security rules. Individual user documents are only accessible with the correct `userId`.\n\nThis structure adheres to the core design principles by:\n\n*   **Authorization Independence:** All authorization is based on `request.auth.uid` and path-based ownership. No `get()` calls are needed in security rules, facilitating atomic operations.\n*   **Clarity of Intent:** The structure clearly defines ownership and access patterns, making security rules straightforward to understand and debug.\n*   **DBAC:** User roles and permissions are managed solely through `request.auth.uid`. No custom claims are used.\n*   **QAPs:** Security rules prevent listing the entire `/users` collection. Access to individual user documents is controlled via path-based ownership.\n*   **Invariants:** The structure ensures the integrity of ownership. Timestamps can be added to the `User` schema and enforced via rules."
  }
}